LCMXO3L/LF-1300,,,,,,,,LCMXO3L/LF-2100,,,,,,,,LCMXO3L/LF-4300,,,,,
Pin Number,Pin Function,Bank,Dual Function,Differential,True LVDS,,,Pin Number,Pin Function,Bank,Dual Function,Differential,True LVDS,,,Pin Number,Pin Function,Bank,Dual Function,Differential,True LVDS
A1,GND,-,-,-,-,,,A1,GND,-,-,-,-,,,A1,GND,-,-,-,-
A10,PT9A,0,-,True_OF_PT9B,TRUE,,,A10,PT9A,0,-,True_OF_PT9B,TRUE,,,A10,PT9A,0,-,True_OF_PT9B,TRUE
A11,GND,-,-,-,-,,,A11,GND,-,-,-,-,,,A11,GND,-,-,-,-
A2,PT17A,0,-,True_OF_PT17B,TRUE,,,A2,PT23A,0,-,True_OF_PT23B,TRUE,,,A2,PT27A,0,-,True_OF_PT27B,TRUE
A3,PT16A,0,-,True_OF_PT16B,TRUE,,,A3,PT21A,0,-,True_OF_PT21B,TRUE,,,A3,PT24A,0,-,True_OF_PT24B,TRUE
A4,PT15A,0,-,True_OF_PT15B,TRUE,,,A4,PT19A,0,-,True_OF_PT19B,TRUE,,,A4,PT21A,0,-,True_OF_PT21B,TRUE
A5,PT12C,0,SCL/PCLKT0_0,True_OF_PT12D,-,,,A5,PT18C,0,SCL/PCLKT0_0,True_OF_PT18D,-,,,A5,PT20C,0,SCL/PCLKT0_0,True_OF_PT20D,-
A6,PT12B,0,PCLKC0_1,Comp_OF_PT12A,TRUE,,,A6,PT17B,0,PCLKC0_1,Comp_OF_PT17A,TRUE,,,A6,PT18B,0,PCLKC0_1,Comp_OF_PT18A,TRUE
A7,PT11A,0,-,True_OF_PT11B,TRUE,,,A7,PT13A,0,-,True_OF_PT13B,TRUE,,,A7,PT14A,0,-,True_OF_PT14B,TRUE
A8,PT10D,0,TDI,Comp_OF_PT10C,-,,,A8,PT12D,0,TDI,Comp_OF_PT12C,-,,,A8,PT13D,0,TDI,Comp_OF_PT13C,-
A9,PT10A,0,-,True_OF_PT10B,TRUE,,,A9,PT11A,0,-,True_OF_PT11B,TRUE,,,A9,PT11A,0,-,True_OF_PT11B,TRUE
B1,PR2C,1,-,True_OF_PR2D,-,,,B1,PR2A,1,-,True_OF_PR2B,-,,,B1,PR3A,1,R_GPLLT_IN,True_OF_PR3B,-
B10,PL2C,3,L_GPLLT_IN,True_OF_PL2D,-,,,B10,PL2A,5,L_GPLLT_IN,True_OF_PL2B,-,,,B10,PL4A,5,L_GPLLT_IN,True_OF_PL4B,-
B11,PL2D,3,L_GPLLC_IN,Comp_OF_PL2C,-,,,B11,PL2B,5,L_GPLLC_IN,Comp_OF_PL2A,-,,,B11,PL4B,5,L_GPLLC_IN,Comp_OF_PL4A,-
B2,PT17B,0,-,Comp_OF_PT17A,TRUE,,,B2,PT23B,0,-,Comp_OF_PT23A,TRUE,,,B2,PT27B,0,-,Comp_OF_PT27A,TRUE
B3,PT16B,0,-,Comp_OF_PT16A,TRUE,,,B3,PT21B,0,-,Comp_OF_PT21A,TRUE,,,B3,PT24B,0,-,Comp_OF_PT24A,TRUE
B4,PT15B,0,-,Comp_OF_PT15A,TRUE,,,B4,PT19B,0,-,Comp_OF_PT19A,TRUE,,,B4,PT21B,0,-,Comp_OF_PT21A,TRUE
B5,PT12D,0,SDA/PCLKC0_0,Comp_OF_PT12C,-,,,B5,PT18D,0,SDA/PCLKC0_0,Comp_OF_PT18C,-,,,B5,PT20D,0,SDA/PCLKC0_0,Comp_OF_PT20C,-
B6,PT12A,0,PCLKT0_1,True_OF_PT12B,TRUE,,,B6,PT17A,0,PCLKT0_1,True_OF_PT17B,TRUE,,,B6,PT18A,0,PCLKT0_1,True_OF_PT18B,TRUE
B7,PT11B,0,-,Comp_OF_PT11A,TRUE,,,B7,PT13B,0,-,Comp_OF_PT13A,TRUE,,,B7,PT14B,0,-,Comp_OF_PT14A,TRUE
B8,PT10B,0,-,Comp_OF_PT10A,TRUE,,,B8,PT11B,0,-,Comp_OF_PT11A,TRUE,,,B8,PT11B,0,-,Comp_OF_PT11A,TRUE
B9,PT9B,0,-,Comp_OF_PT9A,TRUE,,,B9,PT9B,0,-,Comp_OF_PT9A,TRUE,,,B9,PT9B,0,-,Comp_OF_PT9A,TRUE
C1,PR2D,1,-,Comp_OF_PR2C,-,,,C1,PR2B,1,-,Comp_OF_PR2A,-,,,C1,PR3B,1,R_GPLLC_IN,Comp_OF_PR3A,-
C10,PL3A,3,PCLKT3_2,True_OF_PL3B,-,,,C10,PL3A,5,PCLKT5_0,True_OF_PL3B,-,,,C10,PL6A,5,PCLKT5_0,True_OF_PL6B,-
C11,PL3B,3,PCLKC3_2,Comp_OF_PL3A,-,,,C11,PL3B,5,PCLKC5_0,Comp_OF_PL3A,-,,,C11,PL6B,5,PCLKC5_0,Comp_OF_PL6A,-
C2,PR2A,1,-,True_OF_PR2B,-,,,C2,PR1A,1,-,True_OF_PR1B,-,,,C2,PR2A,1,R_GPLLT_FB,True_OF_PR2B,-
C3,PT17C,0,INITN,True_OF_PT17D,-,,,C3,PT24C,0,INITN,True_OF_PT24D,-,,,C3,PT28C,0,INITN,True_OF_PT28D,-
C4,PT15D,0,PROGRAMN,Comp_OF_PT15C,-,,,C4,PT20D,0,PROGRAMN,Comp_OF_PT20C,-,,,C4,PT23D,0,PROGRAMN,Comp_OF_PT23C,-
C5,PT15C,0,JTAGENB,True_OF_PT15D,-,,,C5,PT20C,0,JTAGENB,True_OF_PT20D,-,,,C5,PT23C,0,JTAGENB,True_OF_PT23D,-
C6,PT11D,0,TMS,Comp_OF_PT11C,-,,,C6,PT16D,0,TMS,Comp_OF_PT16C,-,,,C6,PT15D,0,TMS,Comp_OF_PT15C,-
C7,PT11C,0,TCK,True_OF_PT11D,-,,,C7,PT16C,0,TCK,True_OF_PT16D,-,,,C7,PT15C,0,TCK,True_OF_PT15D,-
C8,PT9C,0,-,True_OF_PT9D,-,,,C8,PT10A,0,-,True_OF_PT10B,TRUE,,,C8,PT10A,0,-,True_OF_PT10B,TRUE
C9,PL2A,3,L_GPLLT_FB,True_OF_PL2B,-,,,C9,PL1A,5,L_GPLLT_FB,True_OF_PL1B,-,,,C9,PL3A,5,L_GPLLT_FB,True_OF_PL3B,-
D1,PR3B,1,-,Comp_OF_PR3A,-,,,D1,PR3B,1,-,Comp_OF_PR3A,-,,,D1,PR5B,1,-,Comp_OF_PR5A,-
D10,PL4A,3,-,True_OF_PL4B,-,,,D10,PL5A,5,-,True_OF_PL5B,-,,,D10,PL8A,5,-,True_OF_PL8B,-
D11,PL4B,3,-,Comp_OF_PL4A,-,,,D11,PL5B,5,-,Comp_OF_PL5A,-,,,D11,PL8B,5,-,Comp_OF_PL8A,-
D2,PR3A,1,-,True_OF_PR3B,-,,,D2,PR3A,1,-,True_OF_PR3B,-,,,D2,PR5A,1,-,True_OF_PR5B,-
D3,PR2B,1,-,Comp_OF_PR2A,-,,,D3,PR1B,1,-,Comp_OF_PR1A,-,,,D3,PR2B,1,R_GPLLC_FB,Comp_OF_PR2A,-
D4,PT17D,0,DONE,Comp_OF_PT17C,-,,,D4,PT24D,0,DONE,Comp_OF_PT24C,-,,,D4,PT28D,0,DONE,Comp_OF_PT28C,-
D5,VCC,-,-,-,-,,,D5,VCC,-,-,-,-,,,D5,VCC,-,-,-,-
D6,VCCIO0,0,-,-,-,,,D6,VCCIO0,0,-,-,-,,,D6,VCCIO0,0,-,-,-
D7,PT10C,0,TDO,True_OF_PT10D,-,,,D7,PT12C,0,TDO,True_OF_PT12D,-,,,D7,PT13C,0,TDO,True_OF_PT13D,-
D8,VCCIO3,3,-,-,-,,,D8,VCCIO5,5,-,-,-,,,D8,VCCIO5,5,-,-,-
D9,PL3C,3,-,True_OF_PL3D,-,,,D9,PL4A,5,-,True_OF_PL4B,-,,,D9,PL7A,5,-,True_OF_PL7B,-
E1,PR4D,1,-,Comp_OF_PR4C,-,,,E1,PR5B,1,-,Comp_OF_PR5A,-,,,E1,PR8B,1,-,Comp_OF_PR8A,-
E10,PL4C,3,-,True_OF_PL4D,-,,,E10,PL6A,4,-,True_OF_PL6B,-,,,E10,PL9A,4,-,True_OF_PL9B,-
E11,PL4D,3,-,Comp_OF_PL4C,-,,,E11,PL6B,4,-,Comp_OF_PL6A,-,,,E11,PL9B,4,-,Comp_OF_PL9A,-
E2,PR4C,1,-,True_OF_PR4D,-,,,E2,PR5A,1,-,True_OF_PR5B,-,,,E2,PR8A,1,-,True_OF_PR8B,-
E3,PR4B,1,-,Comp_OF_PR4A,-,,,E3,PR4B,1,-,Comp_OF_PR4A,-,,,E3,PR6B,1,-,Comp_OF_PR6A,-
E4,PR4A,1,-,True_OF_PR4B,-,,,E4,PR4A,1,-,True_OF_PR4B,-,,,E4,PR6A,1,-,True_OF_PR6B,-
E5,VCC,-,-,-,-,,,E5,VCC,-,-,-,-,,,E5,VCC,-,-,-,-
E6,GND,-,-,-,-,,,E6,GND,-,-,-,-,,,E6,GND,-,-,-,-
E7,GND,-,-,-,-,,,E7,GND,-,-,-,-,,,E7,GND,-,-,-,-
E8,PL2B,3,L_GPLLC_FB,Comp_OF_PL2A,-,,,E8,PL1B,5,L_GPLLC_FB,Comp_OF_PL1A,-,,,E8,PL3B,5,L_GPLLC_FB,Comp_OF_PL3A,-
E9,PL3D,3,-,Comp_OF_PL3C,-,,,E9,PL4B,5,-,Comp_OF_PL4A,-,,,E9,PL7B,5,-,Comp_OF_PL7A,-
F1,PR5D,1,PCLKC1_0,Comp_OF_PR5C,-,,,F1,PR7B,1,PCLKC1_0,Comp_OF_PR7A,-,,,F1,PR10B,1,PCLKC1_0,Comp_OF_PR10A,-
F10,PL5B,3,PCLKC3_1,Comp_OF_PL5A,-,,,F10,PL7D,4,PCLKC4_0,Comp_OF_PL7C,-,,,F10,PL10D,4,PCLKC4_0,Comp_OF_PL10C,-
F11,PL5A,3,PCLKT3_1,True_OF_PL5B,-,,,F11,PL7C,4,PCLKT4_0,True_OF_PL7D,-,,,F11,PL10C,4,PCLKT4_0,True_OF_PL10D,-
F2,PR5C,1,PCLKT1_0,True_OF_PR5D,-,,,F2,PR7A,1,PCLKT1_0,True_OF_PR7B,-,,,F2,PR10A,1,PCLKT1_0,True_OF_PR10B,-
F3,PR5A,1,-,True_OF_PR5B,-,,,F3,PR6A,1,-,True_OF_PR6B,-,,,F3,PR9A,1,-,True_OF_PR9B,-
F4,PR5B,1,-,Comp_OF_PR5A,-,,,F4,PR6B,1,-,Comp_OF_PR6A,-,,,F4,PR9B,1,-,Comp_OF_PR9A,-
F5,GND,-,-,-,-,,,F5,GND,-,-,-,-,,,F5,GND,-,-,-,-
F6,GND,-,-,-,-,,,F6,GND,-,-,-,-,,,F6,GND,-,-,-,-
F7,VCC,-,-,-,-,,,F7,VCC,-,-,-,-,,,F7,VCC,-,-,-,-
F8,VCCIO3,3,-,-,-,,,F8,VCCIO4,4,-,-,-,,,F8,VCCIO4,4,-,-,-
F9,PL5C,3,-,True_OF_PL5D,-,,,F9,PL9A,4,-,True_OF_PL9B,-,,,F9,PL13A,4,-,True_OF_PL13B,-
G1,PR8A,1,-,True_OF_PR8B,-,,,G1,PR9A,1,-,True_OF_PR9B,-,,,G1,PR13A,1,-,True_OF_PR13B,-
G10,PL8B,3,-,Comp_OF_PL8A,-,,,G10,PL10B,4,-,Comp_OF_PL10A,-,,,G10,PL14B,4,-,Comp_OF_PL14A,-
G11,PL8A,3,-,True_OF_PL8B,-,,,G11,PL10A,4,-,True_OF_PL10B,-,,,G11,PL14A,4,-,True_OF_PL14B,-
G2,PR8B,1,-,Comp_OF_PR8A,-,,,G2,PR9B,1,-,Comp_OF_PR9A,-,,,G2,PR13B,1,-,Comp_OF_PR13A,-
G3,PR8C,1,-,True_OF_PR8D,-,,,G3,PR10A,1,-,True_OF_PR10B,-,,,G3,PR14A,1,-,True_OF_PR14B,-
G4,PR8D,1,-,Comp_OF_PR8C,-,,,G4,PR10B,1,-,Comp_OF_PR10A,-,,,G4,PR14B,1,-,Comp_OF_PR14A,-
G5,GND,-,-,-,-,,,G5,GND,-,-,-,-,,,G5,GND,-,-,-,-
G6,GND,-,-,-,-,,,G6,GND,-,-,-,-,,,G6,GND,-,-,-,-
G7,VCC,-,-,-,-,,,G7,VCC,-,-,-,-,,,G7,VCC,-,-,-,-
G8,PL8D,3,-,Comp_OF_PL8C,-,,,G8,PL11B,3,-,Comp_OF_PL11A,-,,,G8,PL16B,3,-,Comp_OF_PL16A,-
G9,PL8C,3,-,True_OF_PL8D,-,,,G9,PL11A,3,-,True_OF_PL11B,-,,,G9,PL16A,3,-,True_OF_PL16B,-
H1,PR9A,1,-,True_OF_PR9B,-,,,H1,PR11A,1,-,True_OF_PR11B,-,,,H1,PR15A,1,-,True_OF_PR15B,-
H10,PL9B,3,PCLKC3_0,Comp_OF_PL9A,-,,,H10,PL12B,3,PCLKC3_0,Comp_OF_PL12A,-,,,H10,PL17B,3,PCLKC3_0,Comp_OF_PL17A,-
H11,PL9A,3,PCLKT3_0,True_OF_PL9B,-,,,H11,PL12A,3,PCLKT3_0,True_OF_PL12B,-,,,H11,PL17A,3,PCLKT3_0,True_OF_PL17B,-
H2,PR9B,1,-,Comp_OF_PR9A,-,,,H2,PR11B,1,-,Comp_OF_PR11A,-,,,H2,PR15B,1,-,Comp_OF_PR15A,-
H3,PR9C,1,-,True_OF_PR9D,-,,,H3,PR12A,1,-,True_OF_PR12B,-,,,H3,PR16A,1,-,True_OF_PR16B,-
H4,PR9D,1,-,Comp_OF_PR9C,-,,,H4,PR12B,1,-,Comp_OF_PR12A,-,,,H4,PR16B,1,-,Comp_OF_PR16A,-
H5,VCCIO1,1,-,-,-,,,H5,VCCIO1,1,-,-,-,,,H5,VCCIO1,1,-,-,-
H6,VCCIO2,2,-,-,-,,,H6,VCCIO2,2,-,-,-,,,H6,VCCIO2,2,-,-,-
H7,PB6D,2,SO/SPISO,Comp_OF_PB6C,-,,,H7,PB8B,2,SO/SPISO,Comp_OF_PB8A,-,,,H7,PB9B,2,SO/SPISO,Comp_OF_PB9A,-
H8,VCCIO3,3,-,-,-,,,H8,VCCIO3,3,-,-,-,,,H8,VCCIO3,3,-,-,-
H9,PB4A,2,-,True_OF_PB4B,-,,,H9,PB3A,2,-,True_OF_PB3B,-,,,H9,PB3A,2,-,True_OF_PB3B,-
J1,PR10A,1,-,True_OF_PR10B,-,,,J1,PR13A,1,-,True_OF_PR13B,-,,,J1,PR18A,1,-,True_OF_PR18B,-
J10,PL10D,3,-,Comp_OF_PL10C,-,,,J10,PL14B,3,-,Comp_OF_PL14A,-,,,J10,PL20B,3,-,Comp_OF_PL20A,-
J11,PL10A,3,-,True_OF_PL10B,-,,,J11,PL13A,3,-,True_OF_PL13B,-,,,J11,PL19A,3,-,True_OF_PL19B,-
J2,PR10C,1,-,True_OF_PR10D,-,,,J2,PR14A,1,-,True_OF_PR14B,-,,,J2,PR19A,1,-,True_OF_PR19B,-
J3,PR10D,1,-,Comp_OF_PR10C,-,,,J3,PR14B,1,-,Comp_OF_PR14A,-,,,J3,PR19B,1,-,Comp_OF_PR19A,-
J4,PB18D,2,-,Comp_OF_PB18C,-,,,J4,PB22B,2,-,Comp_OF_PB22A,-,,,J4,PB27B,2,-,Comp_OF_PB27A,-
J5,PB18C,2,-,True_OF_PB18D,-,,,J5,PB22A,2,-,True_OF_PB22B,-,,,J5,PB27A,2,-,True_OF_PB27B,-
J6,PB15C,2,-,True_OF_PB15D,-,,,J6,PB19A,2,-,True_OF_PB19B,-,,,J6,PB23A,2,-,True_OF_PB23B,-
J7,PB11D,2,-,Comp_OF_PB11C,-,,,J7,PB12B,2,-,Comp_OF_PB12A,-,,,J7,PB15B,2,-,Comp_OF_PB15A,-
J8,PB6C,2,MCLK/CCLK,True_OF_PB6D,-,,,J8,PB8A,2,MCLK/CCLK,True_OF_PB8B,-,,,J8,PB9A,2,MCLK/CCLK,True_OF_PB9B,-
J9,PB4B,2,-,Comp_OF_PB4A,-,,,J9,PB3B,2,-,Comp_OF_PB3A,-,,,J9,PB3B,2,-,Comp_OF_PB3A,-
K1,PR10B,1,-,Comp_OF_PR10A,-,,,K1,PR13B,1,-,Comp_OF_PR13A,-,,,K1,PR18B,1,-,Comp_OF_PR18A,-
K10,PB4C,2,CSSPIN,True_OF_PB4D,-,,,K10,PB5A,2,CSSPIN,True_OF_PB5B,-,,,K10,PB4A,2,CSSPIN,True_OF_PB4B,-
K11,PL10C,3,-,True_OF_PL10D,-,,,K11,PL14A,3,-,True_OF_PL14B,-,,,K11,PL20A,3,-,True_OF_PL20B,-
K2,PB20D,2,SI/SISPI,Comp_OF_PB20C,-,,,K2,PB25B,2,SI/SISPI,Comp_OF_PB25A,-,,,K2,PB30B,2,SI/SISPI,Comp_OF_PB30A,-
K3,PB20B,2,-,Comp_OF_PB20A,-,,,K3,PB24B,2,-,Comp_OF_PB24A,-,,,K3,PB29B,2,-,Comp_OF_PB29A,-
K4,PB18B,2,-,Comp_OF_PB18A,-,,,K4,PB21B,2,-,Comp_OF_PB21A,-,,,K4,PB24B,2,-,Comp_OF_PB24A,-
K5,PB15B,2,-,Comp_OF_PB15A,-,,,K5,PB18B,2,-,Comp_OF_PB18A,-,,,K5,PB21B,2,-,Comp_OF_PB21A,-
K6,PB11B,2,PCLKC2_1,Comp_OF_PB11A,-,,,K6,PB16B,2,PCLKC2_1,Comp_OF_PB16A,-,,,K6,PB20B,2,PCLKC2_1,Comp_OF_PB20A,-
K7,PB9B,2,PCLKC2_0,Comp_OF_PB9A,-,,,K7,PB11B,2,PCLKC2_0,Comp_OF_PB11A,-,,,K7,PB13B,2,PCLKC2_0,Comp_OF_PB13A,-
K8,PB9C,2,-,True_OF_PB9D,-,,,K8,PB9A,2,-,True_OF_PB9B,-,,,K8,PB10A,2,-,True_OF_PB10B,-
K9,PB6A,2,-,True_OF_PB6B,-,,,K9,PB6A,2,-,True_OF_PB6B,-,,,K9,PB7A,2,-,True_OF_PB7B,-
L1,GND,-,-,-,-,,,L1,GND,-,-,-,-,,,L1,GND,-,-,-,-
L10,PB4D,2,-,Comp_OF_PB4C,-,,,L10,PB5B,2,-,Comp_OF_PB5A,-,,,L10,PB4B,2,-,Comp_OF_PB4A,-
L11,GND,-,-,-,-,,,L11,GND,-,-,-,-,,,L11,GND,-,-,-,-
L2,PB20C,2,SN,True_OF_PB20D,-,,,L2,PB25A,2,SN,True_OF_PB25B,-,,,L2,PB30A,2,SN,True_OF_PB30B,-
L3,PB20A,2,-,True_OF_PB20B,-,,,L3,PB24A,2,-,True_OF_PB24B,-,,,L3,PB29A,2,-,True_OF_PB29B,-
L4,PB18A,2,-,True_OF_PB18B,-,,,L4,PB21A,2,-,True_OF_PB21B,-,,,L4,PB24A,2,-,True_OF_PB24B,-
L5,PB15A,2,-,True_OF_PB15B,-,,,L5,PB18A,2,-,True_OF_PB18B,-,,,L5,PB21A,2,-,True_OF_PB21B,-
L6,PB11A,2,PCLKT2_1,True_OF_PB11B,-,,,L6,PB16A,2,PCLKT2_1,True_OF_PB16B,-,,,L6,PB20A,2,PCLKT2_1,True_OF_PB20B,-
L7,PB9A,2,PCLKT2_0,True_OF_PB9B,-,,,L7,PB11A,2,PCLKT2_0,True_OF_PB11B,-,,,L7,PB13A,2,PCLKT2_0,True_OF_PB13B,-
L8,PB9D,2,-,Comp_OF_PB9C,-,,,L8,PB9B,2,-,Comp_OF_PB9A,-,,,L8,PB10B,2,-,Comp_OF_PB10A,-
L9,PB6B,2,-,Comp_OF_PB6A,-,,,L9,PB6B,2,-,Comp_OF_PB6A,-,,,L9,PB7B,2,-,Comp_OF_PB7A,-
